[{"model": "contenttypes.contenttype", "pk": 1, "fields": {"app_label": "admin", "model": "logentry"}}, {"model": "contenttypes.contenttype", "pk": 2, "fields": {"app_label": "auth", "model": "permission"}}, {"model": "contenttypes.contenttype", "pk": 3, "fields": {"app_label": "auth", "model": "group"}}, {"model": "contenttypes.contenttype", "pk": 4, "fields": {"app_label": "auth", "model": "user"}}, {"model": "contenttypes.contenttype", "pk": 5, "fields": {"app_label": "contenttypes", "model": "contenttype"}}, {"model": "contenttypes.contenttype", "pk": 6, "fields": {"app_label": "sessions", "model": "session"}}, {"model": "contenttypes.contenttype", "pk": 7, "fields": {"app_label": "user", "model": "userprofile"}}, {"model": "contenttypes.contenttype", "pk": 8, "fields": {"app_label": "user", "model": "address"}}, {"model": "contenttypes.contenttype", "pk": 9, "fields": {"app_label": "user", "model": "weiboprofile"}}, {"model": "contenttypes.contenttype", "pk": 10, "fields": {"app_label": "goods", "model": "catalog"}}, {"model": "contenttypes.contenttype", "pk": 11, "fields": {"app_label": "goods", "model": "sku"}}, {"model": "contenttypes.contenttype", "pk": 12, "fields": {"app_label": "goods", "model": "spuspec"}}, {"model": "contenttypes.contenttype", "pk": 13, "fields": {"app_label": "goods", "model": "skuimage"}}, {"model": "contenttypes.contenttype", "pk": 14, "fields": {"app_label": "goods", "model": "brand"}}, {"model": "contenttypes.contenttype", "pk": 15, "fields": {"app_label": "goods", "model": "saleattrvalue"}}, {"model": "contenttypes.contenttype", "pk": 16, "fields": {"app_label": "goods", "model": "spu"}}, {"model": "contenttypes.contenttype", "pk": 17, "fields": {"app_label": "goods", "model": "spusaleattr"}}, {"model": "contenttypes.contenttype", "pk": 18, "fields": {"app_label": "goods", "model": "skuspecvalue"}}, {"model": "contenttypes.contenttype", "pk": 19, "fields": {"app_label": "order", "model": "ordergoods"}}, {"model": "contenttypes.contenttype", "pk": 20, "fields": {"app_label": "order", "model": "orderinfo"}}, {"model": "sessions.session", "pk": "4wwoseew0bn5fuzxgxifq81e2rfk521k", "fields": {"session_data": "YWYxYmJlMzM4NTVlODFmZTg1NDMyMGUxZDlhOGJiMTlhZTVmODc5MDp7Il9hdXRoX3VzZXJfaWQiOiIxIiwiX2F1dGhfdXNlcl9iYWNrZW5kIjoiZGphbmdvLmNvbnRyaWIuYXV0aC5iYWNrZW5kcy5Nb2RlbEJhY2tlbmQiLCJfYXV0aF91c2VyX2hhc2giOiIwZDA4NWY0NzI5MTIxOTlkOWZkOGVlNWQ2OGEwMzExMGM3ZDUyNmU2In0=", "expire_date": "2020-08-01T06:52:14.841"}}, {"model": "user.userprofile", "pk": 17, "fields": {"username": "gou", "password": "202cb962ac59075b964b07152d234b70", "email": "1129212285@qq.com", "phone": "15182623583", "is_active": false, "created_time": "2020-07-09T07:26:51.601", "updated_time": "2020-07-09T07:26:51.601"}}, {"model": "user.userprofile", "pk": 18, "fields": {"username": "123456", "password": "202cb962ac59075b964b07152d234b70", "email": "1129212285@qq.com", "phone": "15182623583", "is_active": false, "created_time": "2020-07-09T08:35:28.601", "updated_time": "2020-07-09T08:35:28.601"}}, {"model": "user.userprofile", "pk": 19, "fields": {"username": "you", "password": "202cb962ac59075b964b07152d234b70", "email": "1484368482@qq.com", "phone": "12345678901", "is_active": false, "created_time": "2020-07-09T08:44:43.994", "updated_time": "2020-07-09T08:44:43.994"}}, {"model": "user.userprofile", "pk": 20, "fields": {"username": "520", "password": "cf67355a3333e6e143439161adc2d82e", "email": "1129212285@qq.com", "phone": "15182623583", "is_active": false, "created_time": "2020-07-09T09:19:21.076", "updated_time": "2020-07-09T09:19:21.076"}}, {"model": "user.userprofile", "pk": 21, "fields": {"username": "goum", "password": "770fd28eb861f0bc4fa2099a8dfdd926", "email": "1129212285@qq.com", "phone": "15182623583", "is_active": false, "created_time": "2020-07-09T13:17:09.794", "updated_time": "2020-07-09T13:17:09.794"}}, {"model": "user.userprofile", "pk": 22, "fields": {"username": "mingyang", "password": "202cb962ac59075b964b07152d234b70", "email": "1129212285@qq.com", "phone": "15182623583", "is_active": true, "created_time": "2020-07-09T13:32:01.087", "updated_time": "2020-07-09T13:33:23.560"}}, {"model": "user.userprofile", "pk": 23, "fields": {"username": "11292", "password": "4a6762703f33302e6d1e65db02155a47", "email": "1129212285@qq.com", "phone": "15182623583", "is_active": false, "created_time": "2020-07-09T15:23:08.841", "updated_time": "2020-07-09T15:23:08.841"}}, {"model": "user.userprofile", "pk": 24, "fields": {"username": "1122", "password": "698d51a19d8a121ce581499d7b701668", "email": "1129212285@qq.com", "phone": "111", "is_active": true, "created_time": "2020-07-09T15:24:11.959", "updated_time": "2020-07-09T15:25:54.705"}}, {"model": "user.userprofile", "pk": 25, "fields": {"username": "1129212285", "password": "c4ca4238a0b923820dcc509a6f75849b", "email": "1129212285@qq.com", "phone": "1", "is_active": false, "created_time": "2020-07-09T15:28:02.517", "updated_time": "2020-07-09T15:28:02.517"}}, {"model": "user.userprofile", "pk": 26, "fields": {"username": "123321", "password": "c20ad4d76fe97759aa27a0c99bff6710", "email": "1129212285@qq.com", "phone": "12", "is_active": false, "created_time": "2020-07-10T02:25:56.208", "updated_time": "2020-07-10T02:25:56.208"}}, {"model": "user.userprofile", "pk": 27, "fields": {"username": "gmy1", "password": "698d51a19d8a121ce581499d7b701668", "email": "1129212285@qq.com", "phone": "111", "is_active": false, "created_time": "2020-07-10T02:49:03.097", "updated_time": "2020-07-10T02:49:03.097"}}, {"model": "user.userprofile", "pk": 28, "fields": {"username": "grit", "password": "7d8a8bf5c6076266ec70b2bbdfd10c61", "email": "1129212285@qq.com", "phone": "15182623583", "is_active": false, "created_time": "2020-07-11T02:27:05.234", "updated_time": "2020-07-11T02:27:05.234"}}, {"model": "user.userprofile", "pk": 29, "fields": {"username": "gmy11", "password": "dc6f865ff012deb6470091fafb352609", "email": "1129212285@qq.com", "phone": "15182623583", "is_active": false, "created_time": "2020-07-21T09:10:13.658", "updated_time": "2020-07-21T09:10:13.658"}}, {"model": "user.address", "pk": 13, "fields": {"user_profile": 27, "receiver": "\u82df\u660e\u9633", "province": "\u5317\u4eac\u5e02", "city": "\u5317\u4eac\u5e02\u5e02\u8f96\u533a", "county": "\u4e1c\u57ce\u533a", "detail": "\u963f\u8428\u5fb7", "postcode": "123456", "receiver_phone": "15182623583", "tag": "\u5bb6", "is_active": true, "is_default": true, "created_time": "2020-07-11T07:35:08.857", "updated_time": "2020-07-11T07:49:59.825"}}, {"model": "user.address", "pk": 14, "fields": {"user_profile": 27, "receiver": "\u82df\u660e\u9633", "province": "\u5317\u4eac\u5e02", "city": "\u5317\u4eac\u5e02\u5e02\u8f96\u533a", "county": "\u4e1c\u57ce\u533a", "detail": "\u7231\u4ed5\u8fbe\u6240\u591a", "postcode": "628421", "receiver_phone": "15182623583", "tag": "\u5bbf\u820d", "is_active": true, "is_default": false, "created_time": "2020-07-11T07:48:56.907", "updated_time": "2020-07-11T07:49:59.829"}}, {"model": "user.address", "pk": 15, "fields": {"user_profile": 29, "receiver": "\u82df\u660e\u6d0b", "province": "\u5317\u4eac\u5e02", "city": "\u5317\u4eac\u5e02\u5e02\u8f96\u533a", "county": "\u4e1c\u57ce\u533a", "detail": "\u5929\u5e9c\u5927\u905351\u53f7", "postcode": "628421", "receiver_phone": "15182623583", "tag": "\u5bb6", "is_active": true, "is_default": true, "created_time": "2020-07-21T14:25:38.123", "updated_time": "2020-07-21T14:25:38.123"}}, {"model": "user.weiboprofile", "pk": 1, "fields": {"user_profile": null, "wb_uid": "5333764394", "access_token": "2.00ylvxoF0x6Cxu4c7dc7ec1bvayMbD", "created_time": "2020-07-13T09:32:22.460", "updated_time": "2020-07-13T09:32:22.460"}}, {"model": "goods.catalog", "pk": 1, "fields": {"created_time": "2020-02-20T17:53:32.649", "updated_time": "2020-07-21T17:06:07.398", "name": "\u7eff\u8272\u6c34\u679c"}}, {"model": "goods.brand", "pk": 1, "fields": {"created_time": "2020-02-20T17:53:21.783", "updated_time": "2020-07-21T16:32:32.505", "name": "\u7ea2\u5fc3\u7315\u7334\u6843", "logo": "brand/timg_1.jpg", "first_letter": "A"}}, {"model": "goods.brand", "pk": 2, "fields": {"created_time": "2020-07-21T16:38:02.233", "updated_time": "2020-07-21T16:38:02.233", "name": "\u96ea\u68a8", "logo": "brand/timg_2_1.png", "first_letter": "B"}}, {"model": "goods.brand", "pk": 3, "fields": {"created_time": "2020-07-21T16:41:17.477", "updated_time": "2020-07-21T16:41:17.477", "name": "\u8106\u7ea2\u674e", "logo": "brand/timg_3.png", "first_letter": "C"}}, {"model": "goods.brand", "pk": 4, "fields": {"created_time": "2020-07-22T11:15:53.905", "updated_time": "2020-07-22T11:15:53.905", "name": "\u5e7f\u5143\u6838\u6843", "logo": "brand/hetao.jpeg", "first_letter": "H"}}, {"model": "goods.spu", "pk": 1, "fields": {"created_time": "2020-02-20T17:53:44", "updated_time": "2020-07-21T16:45:01.305", "name": "\u82cd\u6eaa\u7ea2\u5fc3\u7315\u7334\u6843", "sales": 0, "comments": 0, "brand": 1, "catalog": 1}}, {"model": "goods.spu", "pk": 2, "fields": {"created_time": "2020-02-20T17:53:49.770", "updated_time": "2020-07-21T16:45:16.889", "name": "\u82cd\u6eaa\u96ea\u68a8", "sales": 0, "comments": 0, "brand": 2, "catalog": 1}}, {"model": "goods.spu", "pk": 3, "fields": {"created_time": "2020-02-20T17:53:54.513", "updated_time": "2020-07-21T16:45:55.261", "name": "\u9752\u5ddd\u6728\u8033", "sales": 0, "comments": 0, "brand": 1, "catalog": 1}}, {"model": "goods.spu", "pk": 4, "fields": {"created_time": "2020-07-22T08:35:50.427", "updated_time": "2020-07-22T08:35:50.427", "name": "\u82cd\u6eaa\u8106\u7ea2\u674e", "sales": 0, "comments": 0, "brand": 3, "catalog": 1}}, {"model": "goods.spu", "pk": 5, "fields": {"created_time": "2020-07-22T11:16:02.245", "updated_time": "2020-07-22T11:16:02.245", "name": "\u5e7f\u5143\u6838\u6843", "sales": 0, "comments": 0, "brand": 4, "catalog": 1}}, {"model": "goods.spusaleattr", "pk": 1, "fields": {"created_time": "2020-02-20T17:54:08.941", "updated_time": "2020-07-21T16:47:02.558", "spu": 1, "name": "\u6c34\u679c\u7b49\u7ea7"}}, {"model": "goods.spusaleattr", "pk": 3, "fields": {"created_time": "2020-02-20T17:54:20.624", "updated_time": "2020-07-21T16:47:53.618", "spu": 2, "name": "\u6c34\u679c\u7b49\u7ea7"}}, {"model": "goods.spusaleattr", "pk": 6, "fields": {"created_time": "2020-02-20T17:54:36.124", "updated_time": "2020-07-21T16:48:06.321", "spu": 3, "name": "\u54c1\u79cd\u7b49\u7ea7"}}, {"model": "goods.spusaleattr", "pk": 7, "fields": {"created_time": "2020-07-22T08:32:59.740", "updated_time": "2020-07-22T08:32:59.740", "spu": 1, "name": "\u539f\u4ea7\u5730"}}, {"model": "goods.spusaleattr", "pk": 8, "fields": {"created_time": "2020-07-22T08:38:14.450", "updated_time": "2020-07-22T08:38:14.450", "spu": 4, "name": "\u6c34\u679c\u72b6\u6001"}}, {"model": "goods.saleattrvalue", "pk": 1, "fields": {"created_time": "2020-02-20T17:55:21.068", "updated_time": "2020-07-21T17:06:25.813", "spu_sale_attr": 1, "name": "A\u7ea7"}}, {"model": "goods.saleattrvalue", "pk": 2, "fields": {"created_time": "2020-07-22T08:33:14.833", "updated_time": "2020-07-22T08:33:14.833", "spu_sale_attr": 7, "name": "\u5e7f\u5143\u82cd\u6eaa"}}, {"model": "goods.saleattrvalue", "pk": 5, "fields": {"created_time": "2020-07-22T08:51:54.032", "updated_time": "2020-07-22T08:51:54.032", "spu_sale_attr": 8, "name": "\u534a\u9752\u9178\u751c"}}, {"model": "goods.saleattrvalue", "pk": 6, "fields": {"created_time": "2020-07-22T08:52:12.248", "updated_time": "2020-07-22T08:52:12.248", "spu_sale_attr": 8, "name": "\u53e3\u611f\u8f83\u751c"}}, {"model": "goods.saleattrvalue", "pk": 7, "fields": {"created_time": "2020-07-22T11:10:39.157", "updated_time": "2020-07-22T11:10:39.158", "spu_sale_attr": 7, "name": "\u5e7f\u5143\u82cd\u6eaa"}}, {"model": "goods.saleattrvalue", "pk": 8, "fields": {"created_time": "2020-07-22T11:10:55.301", "updated_time": "2020-07-22T11:10:55.301", "spu_sale_attr": 7, "name": "\u5e7f\u5143\u9752\u5ddd"}}, {"model": "goods.sku", "pk": 1, "fields": {"created_time": "2020-02-20T17:55:40.974", "updated_time": "2020-07-22T08:33:22.237", "name": "\u82cd\u6eaa\u7ea2\u5fc3\u7315\u7334\u6843", "caption": "\u6765\u81ea\u7eff\u8272\u4e61\u6751\u7684\u7ef4C\u4e4b\u738b 3kg\u88c5", "spu": 1, "price": "100.00", "cost_price": "80.00", "market_price": "100.00", "stock": 996, "sales": 4, "comments": 0, "is_launched": true, "default_image_url": "sku/timg_1.jpg", "version": 2, "sale_attr_value": [1, 2]}}, {"model": "goods.sku", "pk": 2, "fields": {"created_time": "2020-02-20T17:56:49.141", "updated_time": "2020-07-22T08:31:14.161", "name": "\u82cd\u6eaa\u96ea\u68a8 3kg\u88c5", "caption": "\u9633\u5149\u9971\u548c\u7684\u4e61\u6751\u96ea\u68a8", "spu": 2, "price": "69.90", "cost_price": "60.00", "market_price": "60.00", "stock": 995, "sales": 5, "comments": 0, "is_launched": true, "default_image_url": "sku/timg_2_1.png", "version": 1, "sale_attr_value": [1]}}, {"model": "goods.sku", "pk": 3, "fields": {"created_time": "2020-02-20T17:57:39.828", "updated_time": "2020-07-22T08:54:10.895", "name": "\u82cd\u6eaa\u8106\u7ea2\u674e 3kg\u88c5", "caption": "\u6765\u6e90\u4e8e\u5927\u5c71\u6df1\u5904  \u9633\u5149\u9971\u548c  \u8089\u8d28\u9178\u751c", "spu": 4, "price": "79.90", "cost_price": "70.00", "market_price": "70.00", "stock": 994, "sales": 6, "comments": 0, "is_launched": true, "default_image_url": "sku/timg_3.png", "version": 2, "sale_attr_value": [5, 6]}}, {"model": "goods.sku", "pk": 4, "fields": {"created_time": "2020-07-22T11:11:09.440", "updated_time": "2020-07-22T11:11:09.440", "name": "\u9752\u5ddd\u9ed1\u6728\u8033 3kg\u88c5", "caption": "\u519c\u6237\u81ea\u5bb6\u79cd\u690d \u7edd\u5bf9\u81ea\u7136\u7eff\u8272", "spu": 3, "price": "29.90", "cost_price": "20.00", "market_price": "20.00", "stock": 900, "sales": 894, "comments": 0, "is_launched": true, "default_image_url": "sku/timg.jpeg", "version": 2, "sale_attr_value": [7, 8]}}, {"model": "goods.sku", "pk": 5, "fields": {"created_time": "2020-07-22T11:17:00.586", "updated_time": "2020-07-22T11:17:48.144", "name": "\u5e7f\u5143\u6838\u6843 3kg\u88c5", "caption": "\u6765\u81ea\u91ce\u5916\u81ea\u7136\u751f\u957f\u7684\u5927\u6838\u6843 \u76ca\u667a\u8865\u8111", "spu": 5, "price": "69.90", "cost_price": "60.00", "market_price": "60.00", "stock": 22, "sales": 15, "comments": 0, "is_launched": true, "default_image_url": "sku/hetao.jpeg", "version": 1, "sale_attr_value": [7, 8]}}, {"model": "goods.spuspec", "pk": 1, "fields": {"created_time": "2020-07-21T17:07:48.910", "updated_time": "2020-07-21T17:23:53.233", "spu": 1, "name": "\u6c34\u679c\u7b49\u7ea7"}}, {"model": "goods.skuspecvalue", "pk": 1, "fields": {"created_time": "2020-07-21T17:08:00.216", "updated_time": "2020-07-21T17:08:00.216", "sku": 1, "spu_spec": 1, "name": "A\u7ea7"}}, {"model": "order.orderinfo", "pk": "2020072114342329", "fields": {"created_time": "2020-07-21T14:34:23.841", "updated_time": "2020-07-21T14:34:23.869", "user_profile": 29, "total_count": 8, "total_amount": "959.00", "freight": "10.00", "pay_method": 1, "receiver": "\u82df\u660e\u6d0b", "address": "\u5317\u4eac\u5e02\u5317\u4eac\u5e02\u5e02\u8f96\u533a\u4e1c\u57ce\u533a\u5929\u5e9c\u5927\u905351\u53f7", "receiver_mobile": "15182623583", "tag": "\u5bb6", "status": 1}}, {"model": "order.orderinfo", "pk": "2020072115012529", "fields": {"created_time": "2020-07-21T15:01:25.165", "updated_time": "2020-07-21T15:01:25.185", "user_profile": 29, "total_count": 1, "total_amount": "88.00", "freight": "10.00", "pay_method": 1, "receiver": "\u82df\u660e\u6d0b", "address": "\u5317\u4eac\u5e02\u5317\u4eac\u5e02\u5e02\u8f96\u533a\u4e1c\u57ce\u533a\u5929\u5e9c\u5927\u905351\u53f7", "receiver_mobile": "15182623583", "tag": "\u5bb6", "status": 1}}, {"model": "order.orderinfo", "pk": "2020072209000929", "fields": {"created_time": "2020-07-22T09:00:09.707", "updated_time": "2020-07-22T09:00:09.716", "user_profile": 29, "total_count": 6, "total_amount": "479.40", "freight": "10.00", "pay_method": 1, "receiver": "\u82df\u660e\u6d0b", "address": "\u5317\u4eac\u5e02\u5317\u4eac\u5e02\u5e02\u8f96\u533a\u4e1c\u57ce\u533a\u5929\u5e9c\u5927\u905351\u53f7", "receiver_mobile": "15182623583", "tag": "\u5bb6", "status": 1}}, {"model": "order.ordergoods", "pk": 1, "fields": {"created_time": "2020-07-21T14:34:23.862", "updated_time": "2020-07-21T14:34:23.862", "order_info": "2020072114342329", "sku": 1, "count": 3, "price": "88.00"}}, {"model": "order.ordergoods", "pk": 2, "fields": {"created_time": "2020-07-21T14:34:23.866", "updated_time": "2020-07-21T14:34:23.867", "order_info": "2020072114342329", "sku": 2, "count": 5, "price": "139.00"}}, {"model": "order.ordergoods", "pk": 3, "fields": {"created_time": "2020-07-21T15:01:25.184", "updated_time": "2020-07-21T15:01:25.184", "order_info": "2020072115012529", "sku": 1, "count": 1, "price": "88.00"}}, {"model": "order.ordergoods", "pk": 4, "fields": {"created_time": "2020-07-22T09:00:09.714", "updated_time": "2020-07-22T09:00:09.714", "order_info": "2020072209000929", "sku": 3, "count": 6, "price": "79.90"}}, {"model": "auth.permission", "pk": 1, "fields": {"name": "Can add log entry", "content_type": 1, "codename": "add_logentry"}}, {"model": "auth.permission", "pk": 2, "fields": {"name": "Can change log entry", "content_type": 1, "codename": "change_logentry"}}, {"model": "auth.permission", "pk": 3, "fields": {"name": "Can delete log entry", "content_type": 1, "codename": "delete_logentry"}}, {"model": "auth.permission", "pk": 4, "fields": {"name": "Can view log entry", "content_type": 1, "codename": "view_logentry"}}, {"model": "auth.permission", "pk": 5, "fields": {"name": "Can add permission", "content_type": 2, "codename": "add_permission"}}, {"model": "auth.permission", "pk": 6, "fields": {"name": "Can change permission", "content_type": 2, "codename": "change_permission"}}, {"model": "auth.permission", "pk": 7, "fields": {"name": "Can delete permission", "content_type": 2, "codename": "delete_permission"}}, {"model": "auth.permission", "pk": 8, "fields": {"name": "Can view permission", "content_type": 2, "codename": "view_permission"}}, {"model": "auth.permission", "pk": 9, "fields": {"name": "Can add group", "content_type": 3, "codename": "add_group"}}, {"model": "auth.permission", "pk": 10, "fields": {"name": "Can change group", "content_type": 3, "codename": "change_group"}}, {"model": "auth.permission", "pk": 11, "fields": {"name": "Can delete group", "content_type": 3, "codename": "delete_group"}}, {"model": "auth.permission", "pk": 12, "fields": {"name": "Can view group", "content_type": 3, "codename": "view_group"}}, {"model": "auth.permission", "pk": 13, "fields": {"name": "Can add user", "content_type": 4, "codename": "add_user"}}, {"model": "auth.permission", "pk": 14, "fields": {"name": "Can change user", "content_type": 4, "codename": "change_user"}}, {"model": "auth.permission", "pk": 15, "fields": {"name": "Can delete user", "content_type": 4, "codename": "delete_user"}}, {"model": "auth.permission", "pk": 16, "fields": {"name": "Can view user", "content_type": 4, "codename": "view_user"}}, {"model": "auth.permission", "pk": 17, "fields": {"name": "Can add content type", "content_type": 5, "codename": "add_contenttype"}}, {"model": "auth.permission", "pk": 18, "fields": {"name": "Can change content type", "content_type": 5, "codename": "change_contenttype"}}, {"model": "auth.permission", "pk": 19, "fields": {"name": "Can delete content type", "content_type": 5, "codename": "delete_contenttype"}}, {"model": "auth.permission", "pk": 20, "fields": {"name": "Can view content type", "content_type": 5, "codename": "view_contenttype"}}, {"model": "auth.permission", "pk": 21, "fields": {"name": "Can add session", "content_type": 6, "codename": "add_session"}}, {"model": "auth.permission", "pk": 22, "fields": {"name": "Can change session", "content_type": 6, "codename": "change_session"}}, {"model": "auth.permission", "pk": 23, "fields": {"name": "Can delete session", "content_type": 6, "codename": "delete_session"}}, {"model": "auth.permission", "pk": 24, "fields": {"name": "Can view session", "content_type": 6, "codename": "view_session"}}, {"model": "auth.permission", "pk": 25, "fields": {"name": "Can add user profile", "content_type": 7, "codename": "add_userprofile"}}, {"model": "auth.permission", "pk": 26, "fields": {"name": "Can change user profile", "content_type": 7, "codename": "change_userprofile"}}, {"model": "auth.permission", "pk": 27, "fields": {"name": "Can delete user profile", "content_type": 7, "codename": "delete_userprofile"}}, {"model": "auth.permission", "pk": 28, "fields": {"name": "Can view user profile", "content_type": 7, "codename": "view_userprofile"}}, {"model": "auth.permission", "pk": 29, "fields": {"name": "Can add address", "content_type": 8, "codename": "add_address"}}, {"model": "auth.permission", "pk": 30, "fields": {"name": "Can change address", "content_type": 8, "codename": "change_address"}}, {"model": "auth.permission", "pk": 31, "fields": {"name": "Can delete address", "content_type": 8, "codename": "delete_address"}}, {"model": "auth.permission", "pk": 32, "fields": {"name": "Can view address", "content_type": 8, "codename": "view_address"}}, {"model": "auth.permission", "pk": 33, "fields": {"name": "Can add wei bo profile", "content_type": 9, "codename": "add_weiboprofile"}}, {"model": "auth.permission", "pk": 34, "fields": {"name": "Can change wei bo profile", "content_type": 9, "codename": "change_weiboprofile"}}, {"model": "auth.permission", "pk": 35, "fields": {"name": "Can delete wei bo profile", "content_type": 9, "codename": "delete_weiboprofile"}}, {"model": "auth.permission", "pk": 36, "fields": {"name": "Can view wei bo profile", "content_type": 9, "codename": "view_weiboprofile"}}, {"model": "auth.permission", "pk": 37, "fields": {"name": "Can add \u5546\u54c1\u7c7b\u522b", "content_type": 10, "codename": "add_catalog"}}, {"model": "auth.permission", "pk": 38, "fields": {"name": "Can change \u5546\u54c1\u7c7b\u522b", "content_type": 10, "codename": "change_catalog"}}, {"model": "auth.permission", "pk": 39, "fields": {"name": "Can delete \u5546\u54c1\u7c7b\u522b", "content_type": 10, "codename": "delete_catalog"}}, {"model": "auth.permission", "pk": 40, "fields": {"name": "Can view \u5546\u54c1\u7c7b\u522b", "content_type": 10, "codename": "view_catalog"}}, {"model": "auth.permission", "pk": 41, "fields": {"name": "Can add SKU\u8868", "content_type": 11, "codename": "add_sku"}}, {"model": "auth.permission", "pk": 42, "fields": {"name": "Can change SKU\u8868", "content_type": 11, "codename": "change_sku"}}, {"model": "auth.permission", "pk": 43, "fields": {"name": "Can delete SKU\u8868", "content_type": 11, "codename": "delete_sku"}}, {"model": "auth.permission", "pk": 44, "fields": {"name": "Can view SKU\u8868", "content_type": 11, "codename": "view_sku"}}, {"model": "auth.permission", "pk": 45, "fields": {"name": "Can add SPU\u89c4\u683c", "content_type": 12, "codename": "add_spuspec"}}, {"model": "auth.permission", "pk": 46, "fields": {"name": "Can change SPU\u89c4\u683c", "content_type": 12, "codename": "change_spuspec"}}, {"model": "auth.permission", "pk": 47, "fields": {"name": "Can delete SPU\u89c4\u683c", "content_type": 12, "codename": "delete_spuspec"}}, {"model": "auth.permission", "pk": 48, "fields": {"name": "Can view SPU\u89c4\u683c", "content_type": 12, "codename": "view_spuspec"}}, {"model": "auth.permission", "pk": 49, "fields": {"name": "Can add SKU\u56fe\u7247", "content_type": 13, "codename": "add_skuimage"}}, {"model": "auth.permission", "pk": 50, "fields": {"name": "Can change SKU\u56fe\u7247", "content_type": 13, "codename": "change_skuimage"}}, {"model": "auth.permission", "pk": 51, "fields": {"name": "Can delete SKU\u56fe\u7247", "content_type": 13, "codename": "delete_skuimage"}}, {"model": "auth.permission", "pk": 52, "fields": {"name": "Can view SKU\u56fe\u7247", "content_type": 13, "codename": "view_skuimage"}}, {"model": "auth.permission", "pk": 53, "fields": {"name": "Can add \u54c1\u724c", "content_type": 14, "codename": "add_brand"}}, {"model": "auth.permission", "pk": 54, "fields": {"name": "Can change \u54c1\u724c", "content_type": 14, "codename": "change_brand"}}, {"model": "auth.permission", "pk": 55, "fields": {"name": "Can delete \u54c1\u724c", "content_type": 14, "codename": "delete_brand"}}, {"model": "auth.permission", "pk": 56, "fields": {"name": "Can view \u54c1\u724c", "content_type": 14, "codename": "view_brand"}}, {"model": "auth.permission", "pk": 57, "fields": {"name": "Can add \u9500\u552e\u5c5e\u6027\u503c", "content_type": 15, "codename": "add_saleattrvalue"}}, {"model": "auth.permission", "pk": 58, "fields": {"name": "Can change \u9500\u552e\u5c5e\u6027\u503c", "content_type": 15, "codename": "change_saleattrvalue"}}, {"model": "auth.permission", "pk": 59, "fields": {"name": "Can delete \u9500\u552e\u5c5e\u6027\u503c", "content_type": 15, "codename": "delete_saleattrvalue"}}, {"model": "auth.permission", "pk": 60, "fields": {"name": "Can view \u9500\u552e\u5c5e\u6027\u503c", "content_type": 15, "codename": "view_saleattrvalue"}}, {"model": "auth.permission", "pk": 61, "fields": {"name": "Can add SPU", "content_type": 16, "codename": "add_spu"}}, {"model": "auth.permission", "pk": 62, "fields": {"name": "Can change SPU", "content_type": 16, "codename": "change_spu"}}, {"model": "auth.permission", "pk": 63, "fields": {"name": "Can delete SPU", "content_type": 16, "codename": "delete_spu"}}, {"model": "auth.permission", "pk": 64, "fields": {"name": "Can view SPU", "content_type": 16, "codename": "view_spu"}}, {"model": "auth.permission", "pk": 65, "fields": {"name": "Can add SPU\u9500\u552e\u5c5e\u6027", "content_type": 17, "codename": "add_spusaleattr"}}, {"model": "auth.permission", "pk": 66, "fields": {"name": "Can change SPU\u9500\u552e\u5c5e\u6027", "content_type": 17, "codename": "change_spusaleattr"}}, {"model": "auth.permission", "pk": 67, "fields": {"name": "Can delete SPU\u9500\u552e\u5c5e\u6027", "content_type": 17, "codename": "delete_spusaleattr"}}, {"model": "auth.permission", "pk": 68, "fields": {"name": "Can view SPU\u9500\u552e\u5c5e\u6027", "content_type": 17, "codename": "view_spusaleattr"}}, {"model": "auth.permission", "pk": 69, "fields": {"name": "Can add SKU\u89c4\u683c\u5c5e\u6027\u503c\u8868", "content_type": 18, "codename": "add_skuspecvalue"}}, {"model": "auth.permission", "pk": 70, "fields": {"name": "Can change SKU\u89c4\u683c\u5c5e\u6027\u503c\u8868", "content_type": 18, "codename": "change_skuspecvalue"}}, {"model": "auth.permission", "pk": 71, "fields": {"name": "Can delete SKU\u89c4\u683c\u5c5e\u6027\u503c\u8868", "content_type": 18, "codename": "delete_skuspecvalue"}}, {"model": "auth.permission", "pk": 72, "fields": {"name": "Can view SKU\u89c4\u683c\u5c5e\u6027\u503c\u8868", "content_type": 18, "codename": "view_skuspecvalue"}}, {"model": "auth.permission", "pk": 73, "fields": {"name": "Can add \u8ba2\u5355\u5546\u54c1", "content_type": 19, "codename": "add_ordergoods"}}, {"model": "auth.permission", "pk": 74, "fields": {"name": "Can change \u8ba2\u5355\u5546\u54c1", "content_type": 19, "codename": "change_ordergoods"}}, {"model": "auth.permission", "pk": 75, "fields": {"name": "Can delete \u8ba2\u5355\u5546\u54c1", "content_type": 19, "codename": "delete_ordergoods"}}, {"model": "auth.permission", "pk": 76, "fields": {"name": "Can view \u8ba2\u5355\u5546\u54c1", "content_type": 19, "codename": "view_ordergoods"}}, {"model": "auth.permission", "pk": 77, "fields": {"name": "Can add \u8ba2\u5355\u57fa\u672c\u4fe1\u606f", "content_type": 20, "codename": "add_orderinfo"}}, {"model": "auth.permission", "pk": 78, "fields": {"name": "Can change \u8ba2\u5355\u57fa\u672c\u4fe1\u606f", "content_type": 20, "codename": "change_orderinfo"}}, {"model": "auth.permission", "pk": 79, "fields": {"name": "Can delete \u8ba2\u5355\u57fa\u672c\u4fe1\u606f", "content_type": 20, "codename": "delete_orderinfo"}}, {"model": "auth.permission", "pk": 80, "fields": {"name": "Can view \u8ba2\u5355\u57fa\u672c\u4fe1\u606f", "content_type": 20, "codename": "view_orderinfo"}}, {"model": "auth.user", "pk": 1, "fields": {"password": "pbkdf2_sha256$150000$wKWTc6PMNmMi$D/+4b8qxYOZsx+q+J2RPJhoj8IOIbarA96jYnTFejyM=", "last_login": "2020-07-18T06:52:14.836", "is_superuser": true, "username": "gmy", "first_name": "", "last_name": "", "email": "1129212285@qq.com", "is_staff": true, "is_active": true, "date_joined": "2020-07-18T06:51:43.842", "groups": [], "user_permissions": []}}, {"model": "admin.logentry", "pk": 1, "fields": {"action_time": "2020-07-19T11:54:33.383", "user": 1, "content_type": 10, "object_id": "1", "object_repr": "\u7eff\u8272\u6c34\u679c", "action_flag": 2, "change_message": "[{\"changed\": {\"fields\": [\"name\"]}}]"}}, {"model": "admin.logentry", "pk": 2, "fields": {"action_time": "2020-07-21T16:31:05.585", "user": 1, "content_type": 14, "object_id": "1", "object_repr": "\u7ea2\u5fc3\u7315\u7334\u6843", "action_flag": 2, "change_message": "[{\"changed\": {\"fields\": [\"name\"]}}]"}}, {"model": "admin.logentry", "pk": 3, "fields": {"action_time": "2020-07-21T16:32:32.526", "user": 1, "content_type": 14, "object_id": "1", "object_repr": "\u7ea2\u5fc3\u7315\u7334\u6843", "action_flag": 2, "change_message": "[{\"changed\": {\"fields\": [\"logo\"]}}]"}}, {"model": "admin.logentry", "pk": 4, "fields": {"action_time": "2020-07-21T16:34:56.695", "user": 1, "content_type": 10, "object_id": "2", "object_repr": "\u7eff\u8272\u852c\u83dc", "action_flag": 1, "change_message": "[{\"added\": {}}]"}}, {"model": "admin.logentry", "pk": 5, "fields": {"action_time": "2020-07-21T16:38:02.250", "user": 1, "content_type": 14, "object_id": "2", "object_repr": "\u96ea\u68a8", "action_flag": 1, "change_message": "[{\"added\": {}}]"}}, {"model": "admin.logentry", "pk": 6, "fields": {"action_time": "2020-07-21T16:41:17.518", "user": 1, "content_type": 14, "object_id": "3", "object_repr": "\u8106\u7ea2\u674e", "action_flag": 1, "change_message": "[{\"added\": {}}]"}}, {"model": "admin.logentry", "pk": 7, "fields": {"action_time": "2020-07-21T16:42:59.431", "user": 1, "content_type": 11, "object_id": "1", "object_repr": "1: \u82cd\u6eaa\u7ea2\u5fc3\u7315\u7334\u6843", "action_flag": 2, "change_message": "[{\"changed\": {\"fields\": [\"name\", \"caption\", \"default_image_url\"]}}]"}}, {"model": "admin.logentry", "pk": 8, "fields": {"action_time": "2020-07-21T16:45:01.309", "user": 1, "content_type": 16, "object_id": "1", "object_repr": "\u82cd\u6eaa\u7ea2\u5fc3\u7315\u7334\u6843", "action_flag": 2, "change_message": "[{\"changed\": {\"fields\": [\"name\"]}}]"}}, {"model": "admin.logentry", "pk": 9, "fields": {"action_time": "2020-07-21T16:45:16.893", "user": 1, "content_type": 16, "object_id": "2", "object_repr": "\u82cd\u6eaa\u96ea\u68a8", "action_flag": 2, "change_message": "[{\"changed\": {\"fields\": [\"name\", \"brand\"]}}]"}}, {"model": "admin.logentry", "pk": 10, "fields": {"action_time": "2020-07-21T16:45:36.147", "user": 1, "content_type": 16, "object_id": "3", "object_repr": "qing\u6728\u8033", "action_flag": 2, "change_message": "[{\"changed\": {\"fields\": [\"name\"]}}]"}}, {"model": "admin.logentry", "pk": 11, "fields": {"action_time": "2020-07-21T16:45:55.274", "user": 1, "content_type": 16, "object_id": "3", "object_repr": "\u9752\u5ddd\u6728\u8033", "action_flag": 2, "change_message": "[{\"changed\": {\"fields\": [\"name\"]}}]"}}, {"model": "admin.logentry", "pk": 12, "fields": {"action_time": "2020-07-21T16:47:02.606", "user": 1, "content_type": 17, "object_id": "1", "object_repr": "\u6c34\u679c\u7b49\u7ea7", "action_flag": 2, "change_message": "[{\"changed\": {\"fields\": [\"name\"]}}]"}}, {"model": "admin.logentry", "pk": 13, "fields": {"action_time": "2020-07-21T16:47:25.524", "user": 1, "content_type": 17, "object_id": "2", "object_repr": "\u5b89\u8e0fA/\u989c\u8272", "action_flag": 3, "change_message": ""}}, {"model": "admin.logentry", "pk": 14, "fields": {"action_time": "2020-07-21T16:47:31.815", "user": 1, "content_type": 17, "object_id": "4", "object_repr": "\u5b89\u8e0fB/\u989c\u8272", "action_flag": 3, "change_message": ""}}, {"model": "admin.logentry", "pk": 15, "fields": {"action_time": "2020-07-21T16:47:37.292", "user": 1, "content_type": 17, "object_id": "5", "object_repr": "\u5b89\u8e0fC/\u5c3a\u5bf8", "action_flag": 3, "change_message": ""}}, {"model": "admin.logentry", "pk": 16, "fields": {"action_time": "2020-07-21T16:47:53.627", "user": 1, "content_type": 17, "object_id": "3", "object_repr": "\u6c34\u679c\u7b49\u7ea7", "action_flag": 2, "change_message": "[{\"changed\": {\"fields\": [\"name\"]}}]"}}, {"model": "admin.logentry", "pk": 17, "fields": {"action_time": "2020-07-21T16:48:06.332", "user": 1, "content_type": 17, "object_id": "6", "object_repr": "\u54c1\u79cd\u7b49\u7ea7", "action_flag": 2, "change_message": "[{\"changed\": {\"fields\": [\"name\"]}}]"}}, {"model": "admin.logentry", "pk": 18, "fields": {"action_time": "2020-07-21T16:52:51.768", "user": 1, "content_type": 15, "object_id": "7", "object_repr": "\u6c34\u679c\u7b49\u7ea7 - A\u7ea7", "action_flag": 1, "change_message": "[{\"added\": {}}]"}}, {"model": "admin.logentry", "pk": 19, "fields": {"action_time": "2020-07-21T16:53:57.677", "user": 1, "content_type": 11, "object_id": "1", "object_repr": "1: \u82cd\u6eaa\u7ea2\u5fc3\u7315\u7334\u6843", "action_flag": 2, "change_message": "[{\"changed\": {\"fields\": [\"sale_attr_value\"]}}]"}}, {"model": "admin.logentry", "pk": 20, "fields": {"action_time": "2020-07-21T16:54:06.150", "user": 1, "content_type": 11, "object_id": "1", "object_repr": "1: \u82cd\u6eaa\u7ea2\u5fc3\u7315\u7334\u6843", "action_flag": 2, "change_message": "[]"}}, {"model": "admin.logentry", "pk": 21, "fields": {"action_time": "2020-07-21T16:56:08.022", "user": 1, "content_type": 11, "object_id": "2", "object_repr": "2: \u82cd\u6eaa\u96ea\u68a8", "action_flag": 2, "change_message": "[{\"changed\": {\"fields\": [\"name\", \"caption\", \"spu\", \"default_image_url\", \"sale_attr_value\"]}}]"}}, {"model": "admin.logentry", "pk": 22, "fields": {"action_time": "2020-07-21T16:57:15.378", "user": 1, "content_type": 11, "object_id": "3", "object_repr": "3: \u9752\u5ddd\u9ed1\u6728\u8033", "action_flag": 2, "change_message": "[{\"changed\": {\"fields\": [\"name\", \"caption\", \"spu\", \"default_image_url\", \"sale_attr_value\"]}}]"}}, {"model": "admin.logentry", "pk": 23, "fields": {"action_time": "2020-07-21T17:05:43.223", "user": 1, "content_type": 10, "object_id": "1", "object_repr": "\u7eff\u8272\u6c34\u679c", "action_flag": 2, "change_message": "[]"}}, {"model": "admin.logentry", "pk": 24, "fields": {"action_time": "2020-07-21T17:06:07.538", "user": 1, "content_type": 10, "object_id": "1", "object_repr": "\u7eff\u8272\u6c34\u679c", "action_flag": 2, "change_message": "[]"}}, {"model": "admin.logentry", "pk": 25, "fields": {"action_time": "2020-07-21T17:06:25.986", "user": 1, "content_type": 15, "object_id": "1", "object_repr": "\u6c34\u679c\u7b49\u7ea7 - A\u7ea7", "action_flag": 2, "change_message": "[{\"changed\": {\"fields\": [\"name\"]}}]"}}, {"model": "admin.logentry", "pk": 26, "fields": {"action_time": "2020-07-21T17:06:40.135", "user": 1, "content_type": 15, "object_id": "3", "object_repr": "\u6c34\u679c\u7b49\u7ea7 - 18\u5bf8", "action_flag": 3, "change_message": ""}}, {"model": "admin.logentry", "pk": 27, "fields": {"action_time": "2020-07-21T17:06:46.220", "user": 1, "content_type": 15, "object_id": "5", "object_repr": "\u6c34\u679c\u7b49\u7ea7 - 15\u5bf8", "action_flag": 3, "change_message": ""}}, {"model": "admin.logentry", "pk": 28, "fields": {"action_time": "2020-07-21T17:06:52.534", "user": 1, "content_type": 15, "object_id": "7", "object_repr": "\u6c34\u679c\u7b49\u7ea7 - A\u7ea7", "action_flag": 3, "change_message": ""}}, {"model": "admin.logentry", "pk": 29, "fields": {"action_time": "2020-07-21T17:07:49.005", "user": 1, "content_type": 12, "object_id": "1", "object_repr": "\u82cd\u6eaa\u7ea2\u5fc3\u7315\u7334\u6843: \u6c34\u679c\u7b49\u7ea7", "action_flag": 1, "change_message": "[{\"added\": {}}]"}}, {"model": "admin.logentry", "pk": 30, "fields": {"action_time": "2020-07-21T17:08:00.227", "user": 1, "content_type": 18, "object_id": "1", "object_repr": "1: \u82cd\u6eaa\u7ea2\u5fc3\u7315\u7334\u6843: \u6c34\u679c\u7b49\u7ea7: A\u7ea7", "action_flag": 1, "change_message": "[{\"added\": {}}]"}}, {"model": "admin.logentry", "pk": 31, "fields": {"action_time": "2020-07-21T17:21:38.881", "user": 1, "content_type": 10, "object_id": "2", "object_repr": "\u7eff\u8272\u852c\u83dc", "action_flag": 3, "change_message": ""}}, {"model": "admin.logentry", "pk": 32, "fields": {"action_time": "2020-07-21T17:23:53.240", "user": 1, "content_type": 12, "object_id": "1", "object_repr": "\u82cd\u6eaa\u7ea2\u5fc3\u7315\u7334\u6843: \u6c34\u679c\u7b49\u7ea7", "action_flag": 2, "change_message": "[]"}}, {"model": "admin.logentry", "pk": 33, "fields": {"action_time": "2020-07-21T17:25:31.443", "user": 1, "content_type": 11, "object_id": "1", "object_repr": "1: \u82cd\u6eaa\u7ea2\u5fc3\u7315\u7334\u6843", "action_flag": 2, "change_message": "[{\"changed\": {\"fields\": [\"caption\", \"sale_attr_value\"]}}]"}}, {"model": "admin.logentry", "pk": 34, "fields": {"action_time": "2020-07-21T18:09:04.051", "user": 1, "content_type": 11, "object_id": "1", "object_repr": "1: \u82cd\u6eaa\u7ea2\u5fc3\u7315\u7334\u6843", "action_flag": 2, "change_message": "[{\"changed\": {\"fields\": [\"price\", \"cost_price\"]}}]"}}, {"model": "admin.logentry", "pk": 35, "fields": {"action_time": "2020-07-22T08:31:14.177", "user": 1, "content_type": 11, "object_id": "2", "object_repr": "2: \u82cd\u6eaa\u96ea\u68a8 3kg\u88c5", "action_flag": 2, "change_message": "[{\"changed\": {\"fields\": [\"name\", \"price\", \"cost_price\", \"market_price\", \"sale_attr_value\"]}}]"}}, {"model": "admin.logentry", "pk": 36, "fields": {"action_time": "2020-07-22T08:32:59.743", "user": 1, "content_type": 17, "object_id": "7", "object_repr": "\u539f\u4ea7\u5730", "action_flag": 1, "change_message": "[{\"added\": {}}]"}}, {"model": "admin.logentry", "pk": 37, "fields": {"action_time": "2020-07-22T08:33:14.839", "user": 1, "content_type": 15, "object_id": "2", "object_repr": "\u539f\u4ea7\u5730 - \u5e7f\u5143\u82cd\u6eaa", "action_flag": 1, "change_message": "[{\"added\": {}}]"}}, {"model": "admin.logentry", "pk": 38, "fields": {"action_time": "2020-07-22T08:33:22.261", "user": 1, "content_type": 11, "object_id": "1", "object_repr": "1: \u82cd\u6eaa\u7ea2\u5fc3\u7315\u7334\u6843", "action_flag": 2, "change_message": "[{\"changed\": {\"fields\": [\"sale_attr_value\"]}}]"}}, {"model": "admin.logentry", "pk": 39, "fields": {"action_time": "2020-07-22T08:35:50.428", "user": 1, "content_type": 16, "object_id": "4", "object_repr": "\u82cd\u6eaa\u8106\u7ea2\u674e", "action_flag": 1, "change_message": "[{\"added\": {}}]"}}, {"model": "admin.logentry", "pk": 40, "fields": {"action_time": "2020-07-22T08:38:14.458", "user": 1, "content_type": 17, "object_id": "8", "object_repr": "\u6c34\u679c\u72b6\u6001", "action_flag": 1, "change_message": "[{\"added\": {}}]"}}, {"model": "admin.logentry", "pk": 41, "fields": {"action_time": "2020-07-22T08:38:41.170", "user": 1, "content_type": 15, "object_id": "3", "object_repr": "\u6c34\u679c\u72b6\u6001 - \u534a\u9752-\u53e3\u611f\u9178\u751c", "action_flag": 1, "change_message": "[{\"added\": {}}]"}}, {"model": "admin.logentry", "pk": 42, "fields": {"action_time": "2020-07-22T08:39:29.098", "user": 1, "content_type": 15, "object_id": "4", "object_repr": "\u6c34\u679c\u72b6\u6001 - \u8106\u7ea2-\u53e3\u611f\u8f83\u751c", "action_flag": 1, "change_message": "[{\"added\": {}}]"}}, {"model": "admin.logentry", "pk": 43, "fields": {"action_time": "2020-07-22T08:39:33.274", "user": 1, "content_type": 11, "object_id": "3", "object_repr": "3: \u82cd\u6eaa\u8106\u7ea2\u674e 3kg\u88c5", "action_flag": 2, "change_message": "[{\"changed\": {\"fields\": [\"name\", \"caption\", \"spu\", \"price\", \"cost_price\", \"market_price\", \"version\", \"sale_attr_value\"]}}]"}}, {"model": "admin.logentry", "pk": 44, "fields": {"action_time": "2020-07-22T08:51:54.042", "user": 1, "content_type": 15, "object_id": "5", "object_repr": "\u6c34\u679c\u72b6\u6001 - \u534a\u9752\u9178\u751c", "action_flag": 1, "change_message": "[{\"added\": {}}]"}}, {"model": "admin.logentry", "pk": 45, "fields": {"action_time": "2020-07-22T08:52:12.250", "user": 1, "content_type": 15, "object_id": "6", "object_repr": "\u6c34\u679c\u72b6\u6001 - \u53e3\u611f\u8f83\u751c", "action_flag": 1, "change_message": "[{\"added\": {}}]"}}, {"model": "admin.logentry", "pk": 46, "fields": {"action_time": "2020-07-22T08:52:19.897", "user": 1, "content_type": 11, "object_id": "3", "object_repr": "3: \u82cd\u6eaa\u8106\u7ea2\u674e 3kg\u88c5", "action_flag": 2, "change_message": "[{\"changed\": {\"fields\": [\"sale_attr_value\"]}}]"}}, {"model": "admin.logentry", "pk": 47, "fields": {"action_time": "2020-07-22T08:54:10.899", "user": 1, "content_type": 11, "object_id": "3", "object_repr": "3: \u82cd\u6eaa\u8106\u7ea2\u674e 3kg\u88c5", "action_flag": 2, "change_message": "[]"}}, {"model": "admin.logentry", "pk": 48, "fields": {"action_time": "2020-07-22T08:55:27.366", "user": 1, "content_type": 15, "object_id": "3", "object_repr": "\u6c34\u679c\u72b6\u6001 - \u534a\u9752-\u53e3\u611f\u9178\u751c", "action_flag": 3, "change_message": ""}}, {"model": "admin.logentry", "pk": 49, "fields": {"action_time": "2020-07-22T08:55:33.179", "user": 1, "content_type": 15, "object_id": "4", "object_repr": "\u6c34\u679c\u72b6\u6001 - \u8106\u7ea2-\u53e3\u611f\u8f83\u751c", "action_flag": 3, "change_message": ""}}, {"model": "admin.logentry", "pk": 50, "fields": {"action_time": "2020-07-22T11:10:39.273", "user": 1, "content_type": 15, "object_id": "7", "object_repr": "\u539f\u4ea7\u5730 - \u5e7f\u5143\u82cd\u6eaa", "action_flag": 1, "change_message": "[{\"added\": {}}]"}}, {"model": "admin.logentry", "pk": 51, "fields": {"action_time": "2020-07-22T11:10:55.304", "user": 1, "content_type": 15, "object_id": "8", "object_repr": "\u539f\u4ea7\u5730 - \u5e7f\u5143\u9752\u5ddd", "action_flag": 1, "change_message": "[{\"added\": {}}]"}}, {"model": "admin.logentry", "pk": 52, "fields": {"action_time": "2020-07-22T11:11:09.508", "user": 1, "content_type": 11, "object_id": "4", "object_repr": "4: \u9752\u5ddd\u9ed1\u6728\u8033 3kg\u88c5", "action_flag": 1, "change_message": "[{\"added\": {}}]"}}, {"model": "admin.logentry", "pk": 53, "fields": {"action_time": "2020-07-22T11:15:53.937", "user": 1, "content_type": 14, "object_id": "4", "object_repr": "\u5e7f\u5143\u6838\u6843", "action_flag": 1, "change_message": "[{\"added\": {}}]"}}, {"model": "admin.logentry", "pk": 54, "fields": {"action_time": "2020-07-22T11:16:02.364", "user": 1, "content_type": 16, "object_id": "5", "object_repr": "\u5e7f\u5143\u6838\u6843", "action_flag": 1, "change_message": "[{\"added\": {}}]"}}, {"model": "admin.logentry", "pk": 55, "fields": {"action_time": "2020-07-22T11:17:00.702", "user": 1, "content_type": 11, "object_id": "5", "object_repr": "5: \u5e7f\u5143\u6838\u6843", "action_flag": 1, "change_message": "[{\"added\": {}}]"}}, {"model": "admin.logentry", "pk": 56, "fields": {"action_time": "2020-07-22T11:17:48.217", "user": 1, "content_type": 11, "object_id": "5", "object_repr": "5: \u5e7f\u5143\u6838\u6843 3kg\u88c5", "action_flag": 2, "change_message": "[{\"changed\": {\"fields\": [\"name\"]}}]"}}]
